max stress,max stress coordinate,angle,high,radius,solder high
3045.19,"（20,20）",0,3200,0.1,0.1
3916.57,"（20,20）",0,4400,0.1,0.1
4532.52,"（1,1）",0,6300,0.1,0.1
5294.44,"（12,4）",0,7700,0.1,0.1
5655.34,"（20,20）",0,8900,0.1,0.1
1329.81,"（1,9）",30,3200,0.1,0.1
1587.84,"（1,9）",30,3800,0.1,0.1
1853.68,"（1,9）",30,4400,0.1,0.1
2060.66,"（1,9）",30,4900,0.1,0.1
2370.66,"（1,9）",30,5600,0.1,0.1
2651.3,"（1,9）",30,6300,0.1,0.1
2947.16,"（1,9）",30,7000,0.1,0.1
3225.69,"（1,9）",30,7700,0.1,0.1
3436.13,"（1,9）",30,8300,0.1,0.1
3634.64,"（1,9）",30,8900,0.1,0.1
3784.71,"（1,9）",30,9500,0.1,0.1
3901.29,"（1,9）",30,9500,0.1,0.1
1129.77,"（1,20）",60,3200,0.1,0.1
1324.58,"（1,20）",60,3800,0.1,0.1
1524.42,"（1,20）",60,4400,0.1,0.1
1673.05,"（1,20）",60,4900,0.1,0.1
1880.16,"（1,20）",60,5600,0.1,0.1
2078.81,"（1,20）",60,6300,0.1,0.1
2264.19,"（1,20）",60,7000,0.1,0.1
2436.77,"（1,20）",60,7700,0.1,0.1
2583.02,"（1,20）",60,8300,0.1,0.1
2722.22,"（1,20）",60,8900,0.1,0.1
2858.59,"（1,20）",60,9500,0.1,0.1
2979.13,"（1,20）",60,9500,0.1,0.1
3038.1,（1，20）,90,3200,0.1,0.1
3645.66,（1，20）,90,3800,0.1,0.1
4453.19,（1，20）,90,4400,0.1,0.1
4988.01,（1，20）,90,4900,0.1,0.1
5628.72,（1，20）,90,5600,0.1,0.1
6140.9,（1，19),90,6300,0.1,0.1
6115.39,（1，16),90,7000,0.1,0.1
5840.89,"(20,20)",90,7700,0.1,0.1
6070.89,"（20,3）",90,8300,0.1,0.1
6036.25,"(8,16)",90,8900,0.1,0.1
1296.3,"（1,9）",120,3200,0.1,0.1
1530.71,"（1,9）",120,3800,0.1,0.1
1737.55,"（1,9）",120,4400,0.1,0.1
1866.61,"（1,9）",120,4900,0.1,0.1
1993.54,"（1,9）",120,5600,0.1,0.1
2087.81,"（1,9）",120,6300,0.1,0.1
2128.96,"（1,20）",120,7000,0.1,0.1
2401.15,"（1,20）",120,7700,0.1,0.1
2652.08,"（1,20）",120,8300,0.1,0.1
2820.16,"（1,20）",120,8900,0.1,0.1
3030.38,"（1,20）",120,9500,0.1,0.1
3142.15,"（1,20）",120,10000,0.1,0.1
1317.9,"（1,1）",150,3200,0.1,0.1
1575.05,"（1,1）",150,3800,0.1,0.1
1837.57,"（1,1）",150,4400,0.1,0.1
2093.51,"（1,1）",150,4900,0.1,0.1
2449.93,"（1,1）",150,5600,0.1,0.1
2872.47,"（1,1）",150,6300,0.1,0.1
3262.78,"（1,1）",150,7000,0.1,0.1
3672.39,"（1,1）",150,7700,0.1,0.1
3989.76,"（1,1）",150,8300,0.1,0.1
4244.96,"（1,1）",150,8900,0.1,0.1
4598.09,"（1,1）",150,9500,0.1,0.1
4812.37,"（1,1）",150,10000,0.1,0.1
3063.89,"(20,20)",180,3200,0.1,0.1
3480.95,"(20,20)",180,3800,0.1,0.1
3841.98,"(1,1)",180,4400,0.1,0.1
4322.26,"(1,1)",180,4900,0.1,0.1
4185.29,"(20,20)",180,4900,0.1,0.1
4060.76,"(20,20)",180,6300,0.1,0.1
4550.87,"(20,20)",180,7000,0.1,0.1
4905.5,"(20,20)",180,7700,0.1,0.1
5525.22,"(1,10)",180,8900,0.1,0.1
5445.97,"(20,20)",180,9500,0.1,0.1
5881.67,"(3,20)",180,10000,0.1,0.1
1911.24,"（1,1）",0,3200,0.1,0.2
2490.02,"（1,1）",0,3800,0.1,0.2
2855.4,"（1,1）",0,4400,0.1,0.2
3178.97,"（1,1）",0,4900,0.1,0.2
3571.25,"（1,1）",0,5600,0.1,0.2
3981.89,"（1,1）",0,6300,0.1,0.2
4111.8,"（1,1）",0,7000,0.1,0.2
4366.86,"（1,1）",0,7700,0.1,0.2
4771.65,"（1,1）",0,8300,0.1,0.2
5319.36,"（1,1）",0,8900,0.1,0.2
254.369,"（1,1）",30,3200,0.1,0.2
292.344,"（1,20）",30,3800,0.1,0.2
348.803,"（1,1）",30,4400,0.1,0.2
380.803,"（1,1）",30,4900,0.1,0.2
420.494,"（1,1）",30,5600,0.1,0.2
463.695,"（1,1）",30,6300,0.1,0.2
507.132,"（1,1）",30,7000,0.1,0.2
569.388,"（1,20）",30,7700,0.1,0.2
590.601,"（1,1）",30,7000,0.1,0.2
621.164,"（1,20）",30,8900,0.1,0.2
657.901,"（1,1）",30,9500,0.1,0.2
715.384,"（1,1）",30,9500,0.1,0.2
470.394,"（1,1）",60,3200,0.1,0.2
548.205,"（1,1）",60,3800,0.1,0.2
615.935,"（1,1）",60,4400,0.1,0.2
665.631,"（1,1）",60,4900,0.1,0.2
754.036,"（1,1）",60,5600,0.1,0.2
831.004,"（1,1）",60,6300,0.1,0.2
911.209,"（1,20）",60,7000,0.1,0.2
1053.48,"（1,20）",60,7700,0.1,0.2
1137.59,"（1,1）",60,8300,0.1,0.2
1235.41,"（1,20）",60,8900,0.1,0.2
1371.12,"（1,20）",60,9500,0.1,0.2
1461.29,"（1,1）",60,8300,0.1,0.2
2111.43,"（1,1）",90,3200,0.1,0.2
2507.67,"（1,1）",90,3800,0.1,0.2
2899.05,"（1,1）",90,4400,0.1,0.2
3187.59,"（1,1）",90,4900,0.1,0.2
3557.63,"（1,1）",90,5600,0.1,0.2
3917.79,"（1,1）",90,6300,0.1,0.2
4048.48,"（1,1）",90,7000,0.1,0.2
5018.2,"（1,1）",90,7700,0.1,0.2
5164.66,"（1,1）",90,8300,0.1,0.2
5707.99,"（4,1）",90,8900,0.1,0.2
5678.92,"（1,20）",90,9500,0.1,0.2
6031.92,"（1,1）",90,9500,0.1,0.2
1004.69,"（1,20）",120,3200,0.1,0.2
1162.88,"（1,20）",120,3800,0.1,0.2
1353.14,"（1,20）",120,4400,0.1,0.2
1490.44,"（1,20）",120,4900,0.1,0.2
1689.75,"（1,20）",120,5600,0.1,0.2
1901.26,"（1,20）",120,6300,0.1,0.2
2124.7,"（1,20）",120,7000,0.1,0.2
2351.87,"（1,20）",120,7700,0.1,0.2
2478.82,"（1,20）",120,8300,0.1,0.2
2681.97,"（1,20）",120,8900,0.1,0.2
2838.01,"（1,20）",120,9500,0.1,0.2
2945.81,"（1,20）",120,10000,0.1,0.2
712.887,"（1,20）",150,3200,0.1,0.2
820.227,"（1,20）",150,3800,0.1,0.2
913.318,"（1,20）",150,4400,0.1,0.2
963.242,"（1,20）",150,4900,0.1,0.2
1301.85,"（1,20）",150,5600,0.1,0.2
1452.12,"（1,20）",150,6300,0.1,0.2
1653.29,"（1,20）",150,7000,0.1,0.2
1799.35,"（1,20）",150,7700,0.1,0.2
1901.01,"（1,20）",150,8300,0.1,0.2
2230.81,"（1,20）",150,8900,0.1,0.2
2442.34,"（1,20）",150,8300,0.1,0.2
1960.14,"(1,20)",180,3200,0.1,0.2
2233.8,"(1,1)",180,3800,0.1,0.2
2433.29,"(1,1)",180,4400,0.1,0.2
2768.61,"(1,20)",180,4900,0.1,0.2
3074.89,"(18,5)",180,5600,0.1,0.2
3476.01,"(20,1)",180,6300,0.1,0.2
3516.63,"(1,1)",180,7000,0.1,0.2
4328.93,"(1,20)",180,7700,0.1,0.2
4425.52,"(14,20)",180,8900,0.1,0.2
4607.81,"(20,5)",180,9500,0.1,0.2
4800.36,"(1,6)",180,9500,0.1,0.2
2696.01,"（1,3）",0,3200,0.1,0.03
2998.9,"（2,19）",0,3800,0.1,0.03
3232.19,"（8,5）",0,4400,0.1,0.03
3124.54,"(1,20)",0,4900,0.1,0.03
3358.45,"（20,1）",0,5600,0.1,0.03
3308.15,"（1,1）",0,6300,0.1,0.03
3765.54,"（17,14）",0,7000,0.1,0.03
4184.82,"（1,4）",0,7700,0.1,0.03
4965.28,"（2,20）",0,8300,0.1,0.03
5922.65,"（8,6）",0,8900,0.1,0.03
5048.95,"(1,21)",0,9500,0.1,0.03
5398.49,"（20,2）",0,10000,0.1,0.03
1660.99,"（1,1）",30,3200,0.1,0.03
1930.69,"(1,20)",30,3800,0.1,0.03
2186.08,"（1,1）",30,4400,0.1,0.03
2391.43,"（1,1）",30,4900,0.1,0.03
245.03,"（1,1）",30,5600,0.1,0.03
2525.08,"（1,1）",30,6300,0.1,0.03
3040.91,"（1,1）",30,7000,0.1,0.03
3208.31,"（1,1）",30,7700,0.1,0.03
3338.72,"（1,1）",30,8300,0.1,0.03
3428.39,"（1,1）",30,8900,0.1,0.03
3581.53,"（1,1）",30,9500,0.1,0.03
3664.12,"（1,1）",30,10000,0.1,0.03
2500.49,"（1,1）",60,3200,0.1,0.03
2850.88,"（1,1）",60,3800,0.1,0.03
3155.13,"（1,1）",60,4400,0.1,0.03
3571.92,"(1,20)",60,4900,0.1,0.03
4243.13,"(1,20)",60,5600,0.1,0.03
4807.22,"（1,1）",60,6300,0.1,0.03
5207.21,"(1,20)",60,7000,0.1,0.03
5374.69,"（1,1）",60,7700,0.1,0.03
5409.22,"（1,1）",60,8300,0.1,0.03
5441.78,"（1,1）",60,8900,0.1,0.03
5738.71,"(4,18)",60,9500,0.1,0.03
5854.54,"(5,4)",60,10000,0.1,0.03
5097.29,"（1,1）",90,3200,0.1,0.03
5295.51,"(1,20)",90,3800,0.1,0.03
5243.43,"（1,1）",90,4400,0.1,0.03
5606.99,"(3,4)",90,4900,0.1,0.03
5609.28,"（11,18）",90,6300,0.1,0.03
5207.21,"(1,20)",90,7000,0.1,0.03
5802.29,"（12,7）",90,7700,0.1,0.03
5815.37,"（20,14）",90,8900,0.1,0.03
2042.96,"（1,1）",120,3200,0.1,0.03
2423.18,"（1,1）",120,3800,0.1,0.03
2799.2,"（1,1）",120,4400,0.1,0.03
3106.12,"（1,1）",120,4900,0.1,0.03
3550.88,"（1,1）",120,5600,0.1,0.03
3994.82,"（1,1）",120,6300,0.1,0.03
4384.34,"（1,1）",120,7000,0.1,0.03
4732,"（1,1）",120,7700,0.1,0.03
5032.88,"（1,1）",120,8300,0.1,0.03
5346.9,"（1,1）",120,8900,0.1,0.03
5565.29,"（1,1）",120,9500,0.1,0.03
5681.21,"（1,1）",120,10000,0.1,0.03
1419.58,"（1,1）",150,3200,0.1,0.03
1532.61,"（1,1）",150,3800,0.1,0.03
1704.36,"（1,1）",150,4400,0.1,0.03
1835.5,"(1,20)",150,4900,0.1,0.03
2199.34,"（1,1）",150,5600,0.1,0.03
2447.49,"（1,1）",150,6300,0.1,0.03
2682.62,"（1,1）",150,7000,0.1,0.03
2910.44,"（1,1）",150,7700,0.1,0.03
3118.23,"（1,1）",150,8300,0.1,0.03
3284.86,"（1,1）",150,8900,0.1,0.03
3443.88,"(1,20)",150,9500,0.1,0.03
3589.87,"（1,1）",150,10000,0.1,0.03
2767.16,"(20,20)",180,3200,0.1,0.03
3059.73,"(20,20)",180,3800,0.1,0.03
3156.29,"(20,20)",180,4400,0.1,0.03
3311.97,"(20,20)",180,4900,0.1,0.03
3429.36,"（1,20）",180,5600,0.1,0.03
5406.05,"(20,20)",180,6300,0.1,0.03
4279.27,"(10,20)",180,7000,0.1,0.03
6674.43,"(20,20)",180,7700,0.1,0.03
6857.44,"(17,4)",180,8300,0.1,0.03
7065.57,"(20,20)",180,8900,0.1,0.03
7512.16,"(16,16)",180,9500,0.1,0.03
7100.72,"(9,19)",180,10000,0.1,0.03
961.963,"(1,20)",0,3200,0.1,0.06
1110.04,"(1,1)",0,3800,0.1,0.06
1296.06,"(1,1)",0,4400,0.1,0.06
1452.12,"(1,1)",0,4900,0.1,0.06
1640.68,"(1,1)",0,5600,0.1,0.06
1804.6,"(1,1)",0,6300,0.1,0.06
1921.59,"(1,1)",0,7000,0.1,0.06
2076.86,"(1,1)",0,7700,0.1,0.06
2202.46,"(1,1)",0,8300,0.1,0.06
2314.64,"(1,1)",0,8900,0.1,0.06
2415.08,"(1,1)",0,9500,0.1,0.06
2483.97,"(1,1)",0,10000,0.1,0.06
811.871,"(1,1)",30,3200,0.1,0.06
899.174,"(1,1)",30,3800,0.1,0.06
1002.96,"(1,20)",30,4400,0.1,0.06
1076.94,"(1,1)",30,4900,0.1,0.06
1192.8,"(1,1)",30,5600,0.1,0.06
1322.55,"(1,1)",30,6300,0.1,0.06
1431.86,"(1,1)",30,7000,0.1,0.06
1511.55,"(1,1)",30,7700,0.1,0.06
1588.95,"(1,1)",30,8300,0.1,0.06
1668.21,"(1,1)",30,8900,0.1,0.06
1733.76,"(1,1)",30,9500,0.1,0.06
1789.34,"(1,1)",30,10000,0.1,0.06
781.543,"(20,1)",60,3200,0.1,0.06
879.005,"(20,1)",60,3800,0.1,0.06
984.234,"(20,1)",60,4400,0.1,0.06
1077.11,"(20,1)",60,4900,0.1,0.06
1205.99,"(20,1)",60,5600,0.1,0.06
1322.44,"(20,1)",60,6300,0.1,0.06
1441.35,"(20,1)",60,7000,0.1,0.06
1550.99,"(20,1)",60,7700,0.1,0.06
1631.13,"(20,1)",60,8300,0.1,0.06
1702.54,"(20,1)",60,8900,0.1,0.06
1768.54,"(20,1)",60,9500,0.1,0.06
1833.47,"(20,1)",60,10000,0.1,0.06
3912.89,"(1,1)",90,3200,0.1,0.06
4393.15,"(20,1)",90,3800,0.1,0.06
4515.83,"(1,1)",90,4400,0.1,0.06
5107.56,"(20,1)",90,4900,0.1,0.06
5187.85,"(20,1)",90,5600,0.1,0.06
5248.31,"(20,1)",90,6300,0.1,0.06
5234.44,"(20,1)",90,7000,0.1,0.06
5253.76,"(1,1)",90,7700,0.1,0.06
5341.93,"（6,5）",90,8300,0.1,0.06
5216.19,"(1,1)",90,8900,0.1,0.06
5812.94,"（9,12）",90,9500,0.1,0.06
5831.14,"（11,14）",90,10000,0.1,0.06
1673.95,"(1,1)",120,3200,0.1,0.06
1995.99,"(20,1)",120,3800,0.1,0.06
2306.17,"(1,1)",120,4400,0.1,0.06
2565.04,"(20,1)",120,4900,0.1,0.06
2930.98,"(20,1)",120,5600,0.1,0.06
3279.78,"(1,1)",120,6300,0.1,0.06
3611.72,"(20,1)",120,7000,0.1,0.06
3941.6,"(1,1)",120,7700,0.1,0.06
4228.07,"(20,1)",120,8300,0.1,0.06
4492.59,"(1,1)",120,8900,0.1,0.06
4747.71,"(20,1)",120,9500,0.1,0.06
4929.17,"(20,1)",120,10000,0.1,0.06
1205.42,"(1,1)",150,3200,0.1,0.06
1411.95,"(1,1)",150,3800,0.1,0.06
1606.33,"(1,1)",150,4400,0.1,0.06
1764.13,"(1,1)",150,4900,0.1,0.06
1987.54,"(1,1)",150,5600,0.1,0.06
2183.77,"(1,1)",150,6300,0.1,0.06
2375.71,"(1,1)",150,7000,0.1,0.06
2578.65,"(1,1)",150,7700,0.1,0.06
2694.5,"(1,1)",150,8300,0.1,0.06
2833.64,"(1,1)",150,8900,0.1,0.06
2975.49,"(1,1)",150,9500,0.1,0.06
3073.14,"(1,1)",150,10000,0.1,0.06
2658.25,"(1,1)",180,3200,0.1,0.06
2761.32,"(1,1)",180,3800,0.1,0.06
2955.97,"(1,1)",180,4400,0.1,0.06
2968.65,"(20,1)",180,4900,0.1,0.06
3367.7,"(20,1)",180,5600,0.1,0.06
3398.82,"(1,1)",180,6300,0.1,0.06
3754.89,"（8,2）",180,7000,0.1,0.06
4066.19,"（1,20）",180,7700,0.1,0.06
4267.76,"（19,19）",180,8300,0.1,0.06
3432.93,"(1,1)",180,8900,0.1,0.06
4758.43,"(1,1)",180,9500,0.1,0.06
4929.06,"(1,1)",180,10000,0.1,0.06
1699.99,"（20,20）",0,3200,0.2,0.1
2034.05,"（20,20）",0,3800,0.2,0.1
2325.96,"（1,1）",0,4400,0.2,0.1
2573.12,"（1,1）",0,4900,0.2,0.1
3066.73,"（1,1）",0,5600,0.2,0.1
3450.47,"（1,1）",0,6300,0.2,0.1
3677.72,"（1,1）",0,7000,0.2,0.1
4052.68,"（1,1）",0,7700,0.2,0.1
4181.89,"（1,1）",0,8300,0.2,0.1
4265.6,"（1,1）",0,8900,0.2,0.1
4948.26,"（1,1）",0,9500,0.2,0.1
4739.53,"（20,20）",0,10000,0.2,0.1
894.969,"（1,1）",30,3800,0.2,0.1
962.226,"（1,1）",30,4400,0.2,0.1
1084.38,"（1,1）",30,4900,0.2,0.1
1243.55,"（1,1）",30,5600,0.2,0.1
1346.99,"（1,1）",30,6300,0.2,0.1
1472.77,"（1,1）",30,7000,0.2,0.1
1524.16,"（1,1）",30,7700,0.2,0.1
1598.11,"（1,1）",30,8300,0.2,0.1
1602,"（1,1）",30,8900,0.2,0.1
1714.9,"（1,1）",30,9500,0.2,0.1
1762.99,"（1,1）",30,10000,0.2,0.1
363.501,"（1,1）",60,3200,0.2,0.1
439.301,"（1,1）",60,3800,0.2,0.1
504.561,"（1,1）",60,4400,0.2,0.1
552.235,"（1,1）",60,4900,0.2,0.1
620.857,"（1,1）",60,5600,0.2,0.1
802.298,"（1,1）",60,6300,0.2,0.1
914.649,"（1,1）",60,7000,0.2,0.1
1032.59,"（1,1）",60,7700,0.2,0.1
1155.28,"（1,1）",60,8300,0.2,0.1
1290.77,"（1,1）",60,8900,0.2,0.1
1368.55,"（1,1）",60,9500,0.2,0.1
1495.51,"（1,1）",60,10000,0.2,0.1
1774.21,"（1,1）",90,3200,0.2,0.1
2004.86,"（1,1）",90,3800,0.2,0.1
2352.93,"（1,1）",90,4400,0.2,0.1
2580.72,"（1,1）",90,4900,0.2,0.1
2934.83,"（1,1）",90,5600,0.2,0.1
3244.11,"（1,1）",90,6300,0.2,0.1
3547.83,"（1,1）",90,7000,0.2,0.1
3725.53,"（1,1）",90,7700,0.2,0.1
4205.76,"（1,1）",90,8300,0.2,0.1
4567.42,"（1,1）",90,8900,0.2,0.1
5168.15,"（1,1）",90,9500,0.2,0.1
5517.59,"（1,1）",90,10000,0.2,0.1
259.592,"（1,1）",120,3200,0.2,0.1
297.285,"（1,1）",120,3800,0.2,0.1
350.393,"（1,1）",120,4400,0.2,0.1
375.013,"（1,1）",120,4900,0.2,0.1
431.693,"（1,1）",120,5600,0.2,0.1
478.475,"（1,1）",120,6300,0.2,0.1
523.616,"（1,1）",120,7000,0.2,0.1
572.636,"（1,1）",120,7700,0.2,0.1
607.603,"（1,1）",120,8300,0.2,0.1
648.606,"（1,1）",120,8900,0.2,0.1
684.859,"（1,1）",120,9500,0.2,0.1
710.057,"（1,1）",120,10000,0.2,0.1
257.188,"（1,1）",150,3200,0.2,0.1
302.037,"（1,1）",150,3800,0.2,0.1
348.857,"（1,1）",150,4400,0.2,0.1
377.645,"（1,1）",150,4900,0.2,0.1
431.633,"（1,1）",150,5600,0.2,0.1
487.388,"（1,1）",150,6300,0.2,0.1
527.62,"（1,1）",150,7000,0.2,0.1
571.763,"（1,1）",150,7700,0.2,0.1
617.844,"（1,1）",150,8300,0.2,0.1
652.898,"（1,1）",150,8900,0.2,0.1
685.768,"（1,1）",150,9500,0.2,0.1
705.358,"（1,1）",150,10000,0.2,0.1
1716.02,"(1,1)",0,3200,0.2,0.2
"2030,73","(1,1)",0,3800,0.2,0.2
2333.46,"(1,1)",0,4400,0.2,0.2
2573.29,"（20,20）",0,4900,0.2,0.2
2623.61,"（20,20）",0,5600,0.2,0.2
3113.17,"(6,20)",0,6300,0.2,0.2
3497.14,"(1,1)",0,7000,0.2,0.2
3705.61,"(12,20)",0,7700,0.2,0.2
4004.36,"(12,20)",0,8300,0.2,0.2
"4229,46","(12,20)",0,8900,0.2,0.2
4425.94,"(12,20)",0,9500,0.2,0.2
4433.18,"(12,20)",0,10000,0.2,0.2
193.399,"（1,1）",30,3200,0.2,0.2
309.41,"（1,20）",30,3200,0.2,0.2
2008.57,"（1,8）",30,3200,0.2,0.2
222.946,"（1,1）",30,3800,0.2,0.2
371.576,"（1,20）",30,3800,0.2,0.2
2712.84,"（1,8）",30,3800,0.2,0.2
356.374,"（1,1）",30,4400,0.2,0.2
428.401,"（1,20）",30,4400,0.2,0.2
3035.82,"（1,8）",30,4400,0.2,0.2
289.951,"（1,1）",30,4900,0.2,0.2
472.295,"（1,20）",30,4900,0.2,0.2
3327.83,"（1,20）",30,4900,0.2,0.2
322.513,"（1,1）",30,5600,0.2,0.2
539.721,"（1,20）",30,5600,0.2,0.2
3437.1,"（1,20）",30,5600,0.2,0.2
352.753,"（1,1）",30,6300,0.2,0.2
580.292,"（1,20）",30,6300,0.2,0.2
3506.48,"（1,20）",30,6300,0.2,0.2
388.719,"（1,1）",30,7000,0.2,0.2
580.292,"（1,20）",30,7000,0.2,0.2
4064.3,"（1,20）",30,7000,0.2,0.2
410.931,"（1,1）",30,7700,0.2,0.2
658.219,"（1,20）",30,7700,0.2,0.2
4079.03,"（1,20）",30,7700,0.2,0.2
450.636,"（1,1）",30,8300,0.2,0.2
733.175,"（1,20）",30,8300,0.2,0.2
4064.3,"（1,20）",30,8300,0.2,0.2
480.646,"（1,1）",30,8900,0.2,0.2
759.157,"（1,20）",30,8900,0.2,0.2
4638.51,"（1,1）",30,8900,0.2,0.2
511.13,"（1,1）",30,9500,0.2,0.2
841.113,"（1,20）",30,9500,0.2,0.2
4506.09,"（1,19）",30,9500,0.2,0.2
532.362,"（1,1）",30,10000,0.2,0.2
843.449,"（1,20）",30,10000,0.2,0.2
4957.65,"（1,1）",30,10000,0.2,0.2
255.957,"(1,1)",60,3200,0.2,0.2
338.028,"(1,1)",60,3800,0.2,0.2
364.42,"(1,1)",60,4400,0.2,0.2
403.071,"(1,1)",60,4900,0.2,0.2
478.866,"(1,1)",60,5600,0.2,0.2
364.42,"(1,1)",60,6300,0.2,0.2
571.219,"(1,1)",60,7000,0.2,0.2
620.99,"(1,1)",60,7700,0.2,0.2
668.121,"（1,1）",60,8300,0.2,0.2
679.622,"(1,1)",60,8900,0.2,0.2
758.104,"（1,1）",60,9500,0.2,0.2
803.272,"（1,1）",60,10000,0.2,0.2
1238.06,"(1,20)",90,3200,0.2,0.2
1456.92,"(1,20)",90,3800,0.2,0.2
1713.37,"(1,20)",90,4400,0.2,0.2
1859.5,"(1,20)",90,4900,0.2,0.2
2104.89,"(1,20)",90,5600,0.2,0.2
2321.34,"(1,20)",90,6300,0.2,0.2
2471.48,"(1,20)",90,7000,0.2,0.2
2672.84,"(1,20)",90,7700,0.2,0.2
2718.49,"(1,20)",90,8300,0.2,0.2
2927.44,"(1,20)",90,8900,0.2,0.2
3030.34,"(1,20)",90,9500,0.2,0.2
3157.23,"(1,20)",90,10000,0.2,0.2
355.892,"(1,1)",120,3200,0.2,0.2
417.429,"(1,1)",120,3800,0.2,0.2
475.648,"(1,1)",120,4400,0.2,0.2
596.177,"(1,1)",120,4900,0.2,0.2
2104.89,"(1,20)",120,5600,0.2,0.2
504.417,"(1,1)",120,6300,0.2,0.2
5677.507,"(1,1)",120,7000,0.2,0.2
617.862,"(1,1)",120,7700,0.2,0.2
820.63,"(1,1)",120,8300,0.2,0.2
857.19,"(1,1)",120,8900,0.2,0.2
900.095,"(1,1)",120,9500,0.2,0.2
922.772,"(1,1)",120,10000,0.2,0.2
445.649,"(1,18)",150,3200,0.2,0.2
522.73,"(1,18)",150,3800,0.2,0.2
637.332,"(1,13)",150,4400,0.2,0.2
658.093,"(1,18)",150,4900,0.2,0.2
703.31,"(1,20)",150,5600,0.2,0.2
817.783,"(1,20)",150,6300,0.2,0.2
902.897,"(1,20)",150,7000,0.2,0.2
979.783,"(1,20)",150,7700,0.2,0.2
1052.22,"(1,20)",150,8300,0.2,0.2
1119.92,"(1,20)",150,8900,0.2,0.2
1177.86,"(1,20)",150,9500,0.2,0.2
1240.79,"(1,20)",150,10000,0.2,0.2
1918.92,"(3,9)",180,3200,0.2,0.2
2274.2,"(3,16)",180,3800,0.2,0.2
2636.15,"(3,9)",180,4400,0.2,0.2
2941.55,"(3,9)",180,4900,0.2,0.2
3338.5,"(3,16)",180,5600,0.2,0.2
3805.68,"(3,16)",180,6300,0.2,0.2
4233.96,"(3,16)",180,7000,0.2,0.2
4712.73,"(3,9)",180,7700,0.2,0.2
5216.21,"(3,9)",180,8300,0.2,0.2
5439.99,"(3,16)",180,8900,0.2,0.2
5875.33,"(3,9)",180,9500,0.2,0.2
6207.66,"(3,16)",180,10000,0.2,0.2
2446.02,"（11,19）",0,3200,0.2,0.03
2746.92,"(18,7)",0,3800,0.2,0.03
2787.99,"（17,17）",0,4400,0.2,0.03
3219.2,"(18,18)",0,4900,0.2,0.03
3440.17,"(4,12)",0,5600,0.2,0.03
3871.67,"(3,17)",0,6300,0.2,0.03
4515.39,"（5,17）",0,7000,0.2,0.03
3357.09,"（5,17）",0,7700,0.2,0.03
4530.99,"(6,16)",0,8300,0.2,0.03
4627.47,"(7,12)",0,8900,0.2,0.03
3782.52,"（5,17）",0,9500,0.2,0.03
4916.62,"（4,17）",0,10000,0.2,0.03
819.636,"（1,1）",30,3200,0.2,0.03
951.794,"（1,20）",30,3800,0.2,0.03
1094.62,"（1,20）",30,4400,0.2,0.03
1179.96,"（1,1）",30,4900,0.2,0.03
1338.33,"（1,1）",30,5600,0.2,0.03
1505.23,"（1,20）",30,6300,0.2,0.03
1618.55,"（1,1）",30,7000,0.2,0.03
1753.57,"（1,1）",30,7700,0.2,0.03
1871.11,"（1,20）",30,8300,0.2,0.03
2096.91,"（1,1）",30,8900,0.2,0.03
2211.8,"（1,1）",30,9500,0.2,0.03
2321.51,"（1,1）",30,10000,0.2,0.03
725.893,"（1,20）",60,3200,0.2,0.03
884.555,"（1,20）",60,3800,0.2,0.03
1013.09,"（1,20）",60,4400,0.2,0.03
1104.99,"（1,20）",60,4900,0.2,0.03
1203.03,"（1,20）",60,5600,0.2,0.03
1315.6,"（1,20）",60,6300,0.2,0.03
1470.17,"（1,20）",60,7000,0.2,0.03
1660.83,"（1,20）",60,7700,0.2,0.03
1760.64,"（1,20）",60,8300,0.2,0.03
2027.25,"（1,20）",60,8900,0.2,0.03
2254.07,"（1,20）",60,9500,0.2,0.03
2477.68,"（1,20）",60,10000,0.2,0.03
4647.66,"(1,20)",90,3200,0.2,0.03
4855.87,"(18,7)",90,3800,0.2,0.03
4914.51,"(5,20)",90,4400,0.2,0.03
5406.88,"(5,20)",90,4900,0.2,0.03
5957.29,"（5,4）",90,5600,0.2,0.03
5741.35,"(4,12)",90,6300,0.2,0.03
5536.27,"（20,4）",90,7000,0.2,0.03
5442.62,"（20,1）",90,7700,0.2,0.03
5442.04,"（20,3）",90,8300,0.2,0.03
6036.25,"(10,20)",90,8900,0.2,0.03
6620.88,"（17,13）",90,9500,0.2,0.03
7240.56,"（2,9）",90,10000,0.2,0.03
1107.53,"（1,20）",120,3200,0.2,0.03
1275.16,"（1,20）",120,3800,0.2,0.03
1458.17,"（1,20）",120,4400,0.2,0.03
1593.66,"（1,20）",120,4900,0.2,0.03
1728.55,"（1,1）",120,5600,0.2,0.03
1720.04,"（1,20）",120,6300,0.2,0.03
2123.41,"（1,20）",120,7000,0.2,0.03
2037.73,"（1,20）",120,7700,0.2,0.03
2394.35,"（1,1）",120,8300,0.2,0.03
2533.88,"（1,1）",120,8900,0.2,0.03
2782.44,"（1,1）",120,9500,0.2,0.03
2975.8,"（1,1）",120,10000,0.2,0.03
822.725,"（1,20）",150,3200,0.2,0.03
965.902,"（1,1）",150,3800,0.2,0.03
1070.73,"（1,20）",150,4400,0.2,0.03
1198.44,"（1,20）",150,4900,0.2,0.03
1333.81,"（1,20）",150,5600,0.2,0.03
1480.31,"（1,20）",150,6300,0.2,0.03
1644.46,"（1,1）",150,7000,0.2,0.03
1745.08,"（1,20）",150,7700,0.2,0.03
1911.12,"（1,1）",150,8300,0.2,0.03
1947.53,"（1,20）",150,8900,0.2,0.03
2247.49,"（1,1）",150,9500,0.2,0.03
2324.85,"（1,1）",150,10000,0.2,0.03
2134.78,"(20,20)",180,3200,0.2,0.03
2524.45,"(20,20)",180,3800,0.2,0.03
3050.78,"(20,20)",180,4400,0.2,0.03
3318.21,"（4,16）",180,4900,0.2,0.03
4009.82,"(20,20)",180,5600,0.2,0.03
1480.31,"（1,20）",180,6300,0.2,0.03
4799.98,"(8,8)",180,6300,0.2,0.03
5175.23,"（5,17）",180,7000,0.2,0.03
5106.02,"(1,20)",180,7700,0.2,0.03
5900.16,"（16,20）",180,8300,0.2,0.03
6490.5,"(8,12)",180,8900,0.2,0.03
6793.81,"（17,4）",180,9500,0.2,0.03
7242.33,"（4,16）",180,10000,0.2,0.03
1129.37,"（1,1）",0,3200,0.2,0.06
1449.55,"（1,1）",0,3800,0.2,0.06
1600.9,"（20,1）",0,4400,0.2,0.06
1769.78,"（1,1）",0,4900,0.2,0.06
2045.89,"（1,1）",0,5600,0.2,0.06
2408.73,"（1,1）",0,6300,0.2,0.06
2747.46,"（1,1）",0,7000,0.2,0.06
3113.41,"（1,1）",0,7700,0.2,0.06
3302.26,"（20,1）",0,8300,0.2,0.06
3442.02,"（1,1）",0,8900,0.2,0.06
3689.21,"（1,1）",0,9500,0.2,0.06
3891.98,"（20,1）",0,10000,0.2,0.06
431.207,"（1,1）",30,3200,0.2,0.06
443.856,"（1,1）",30,3800,0.2,0.06
615.581,"（1,1）",30,4400,0.2,0.06
561.999,"（1,1）",30,4900,0.2,0.06
656.871,"（1,1）",30,5600,0.2,0.06
711.997,"（1,1）",30,6300,0.2,0.06
770.454,"（1,1）",30,7000,0.2,0.06
856.103,"（1,1）",30,7700,0.2,0.06
913.5,"（1,1）",30,8300,0.2,0.06
1011.32,"（1,1）",30,8900,0.2,0.06
1014.33,"（1,1）",30,9500,0.2,0.06
1053.63,"（1,1）",30,10000,0.2,0.06
476.891,"（1,1）",60,3200,0.2,0.06
565.556,"（1,1）",60,3800,0.2,0.06
649.753,"（1,1）",60,4400,0.2,0.06
720.663,"（1,1）",60,4900,0.2,0.06
827.884,"（1,1）",60,5600,0.2,0.06
932.234,"（1,1）",60,6300,0.2,0.06
1037.53,"（1,1）",60,7000,0.2,0.06
1120.53,"（1,1）",60,7700,0.2,0.06
1236.43,"（1,1）",60,8300,0.2,0.06
1310.64,"（1,1）",60,8900,0.2,0.06
1383.1,"（1,1）",60,9500,0.2,0.06
1508.08,"（1,1）",60,10000,0.2,0.06
2173.82,（1，20）,90,3200,0.2,0.06
2468.14,（1，20）,90,3800,0.2,0.06
2831.85,（1，20）,90,4400,0.2,0.06
3089.98,（1，20）,90,4900,0.2,0.06
3473.83,（1，20）,90,5600,0.2,0.06
3754.33,（1，20）,90,6300,0.2,0.06
4133.82,（1，20）,90,7000,0.2,0.06
4325.35,（1，20）,90,7700,0.2,0.06
4457.55,（1，20）,90,8300,0.2,0.06
4561.65,（1，20）,90,8900,0.2,0.06
4628.6,（1，20）,90,9500,0.2,0.06
4670.59,（1，20）,90,10000,0.2,0.06
585.776,"（1,1）",120,3200,0.2,0.06
680.391,"（1,1）",120,3800,0.2,0.06
769.454,"（1,1）",120,4400,0.2,0.06
964.95,"（1,1）",120,4900,0.2,0.06
3473.83,"（1,1）",120,5600,0.2,0.06
1062.63,"（1,1）",120,6300,0.2,0.06
1157.87,"（1,1）",120,7000,0.2,0.06
1260.46,"（1,1）",120,7700,0.2,0.06
1345.25,"（1,1）",120,8300,0.2,0.06
1403.45,"（1,1）",120,8900,0.2,0.06
1522.93,"（1,1）",120,9500,0.2,0.06
1588.26,"（1,1）",120,10000,0.2,0.06
387.393,"（1,1）",150,3200,0.2,0.06
452.549,"（1,1）",150,3800,0.2,0.06
523.233,"（1,1）",150,4400,0.2,0.06
553.764,"（1,1）",150,4900,0.2,0.06
641.151,"（1,1）",150,5600,0.2,0.06
704.528,"（1,1）",150,6300,0.2,0.06
789.704,"（1,1）",150,7000,0.2,0.06
844.81,"（1,1）",150,7700,0.2,0.06
906.667,"（1,1）",150,8300,0.2,0.06
940.501,"（1,1）",150,8900,0.2,0.06
1011.69,"（1,1）",150,9500,0.2,0.06
1039.56,"（1,1）",150,10000,0.2,0.06
4311.54,（15，2）,180,3200,0.2,0.06
4472.14,"（1,1）",180,3800,0.2,0.06
5300.8,（9，16）,180,4400,0.2,0.06
5301.96,"（12,5）",180,4900,0.2,0.06
5488.04,"（20,2）",180,5600,0.2,0.06
5526.51,"（16,20）",180,6300,0.2,0.06
5517.53,"（15,2）",180,7000,0.2,0.06
5520.32,（9，16）,180,7700,0.2,0.06
5776.31,"（15,2）",180,8300,0.2,0.06
6408.6,"（15,2）",180,8900,0.2,0.06
6780.04,（13，8）,180,9500,0.2,0.06
7632.42,（13，8）,180,10000,0.2,0.06
935.348,（20，20）,0,3200,0.04,0.1
1089.93,（20，20）,0,3800,0.04,0.1
1239.65,（20，20）,0,4400,0.04,0.1
1387.88,（20，20）,0,4900,0.04,0.1
1599.77,（20，20）,0,5600,0.04,0.1
1815.49,（20，20）,0,6300,0.04,0.1
2029.84,（20，20）,0,7000,0.04,0.1
2249.82,（20，20）,0,7700,0.04,0.1
2434.93,（20，20）,0,8300,0.04,0.1
2629.11,（20，20）,0,8900,0.04,0.1
2817.93,（20，20）,0,9500,0.04,0.1
2077.32,（20，20）,0,10000,0.04,0.1
811.764,"（1,11）",30,3200,0.04,0.1
959.218,"（1,11）",30,3800,0.04,0.1
1106.31,"（1,11）",30,4400,0.04,0.1
1227.4,"（1,11）",30,4900,0.04,0.1
1397.07,"（1,11）",30,5600,0.04,0.1
1564.25,"（1,11）",30,6300,0.04,0.1
1727.75,"（1,11）",30,7000,0.04,0.1
1884.26,"（1,11）",30,7700,0.04,0.1
2022.08,"（1,11）",30,8300,0.04,0.1
2152.7,"（1,11）",30,8900,0.04,0.1
2287.24,"（1,11）",30,9500,0.04,0.1
2394.22,"（1,11）",30,10000,0.04,0.1
390.981,"(1,1)",60,3200,0.04,0.1
496.301,"(1,1)",60,3800,0.04,0.1
582.904,"(1,1)",60,4400,0.04,0.1
675.042,"(1,1)",60,4900,0.04,0.1
795.915,"(1,1)",60,5600,0.04,0.1
931.527,"(1,1)",60,6300,0.04,0.1
1071.37,"(1,1)",60,7000,0.04,0.1
1341.96,"(1,1)",60,8300,0.04,0.1
1458.71,"(1,1)",60,8900,0.04,0.1
1580.77,"(1,1)",60,9500,0.04,0.1
1668.08,"(1,1)",60,10000,0.04,0.1
4803.68,"（1,1）",90,3200,0.04,0.1
5418.46,"（4,20）",90,4400,0.04,0.1
5233.26,"(1,20)",90,7700,0.04,0.1
5054.53,"(1,20)",90,8900,0.04,0.1
1574.82,"(4,1)",120,3200,0.04,0.1
1995.99,"（10,1）",120,3800,0.04,0.1
2306.17,"（10,1）",120,4400,0.04,0.1
2565.04,"（10,1）",120,4900,0.04,0.1
3142.38,"（10,1）",120,5600,0.04,0.1
3618.01,"(2,1)",120,6300,0.04,0.1
3936.37,"（10,1）",120,7000,0.04,0.1
4033.97,"(2,3)",120,7700,0.04,0.1
4228.07,"（10,1）",120,8300,0.04,0.1
4419.1,"(3,6)",120,8900,0.04,0.1
4805.7,"（10,1）",120,9500,0.04,0.1
4910.1,"（10,1）",120,10000,0.04,0.1
2692.83,"(1,14)",150,3200,0.04,0.1
3029.49,"（1,13）",150,3800,0.04,0.1
3879.34,"(1,12)",150,4400,0.04,0.1
4202.31,"（1,12）",150,4900,0.04,0.1
4467.94,"（1,12）",150,5600,0.04,0.1
4338.03,"（1,8）",150,6300,0.04,0.1
5109.09,"（1,8）",150,7000,0.04,0.1
"4828,03","（1,8）",150,7700,0.04,0.1
5037.82,"（1,8）",150,8300,0.04,0.1
4974.33,"（1,8）",150,8900,0.04,0.1
4886.23,"（1,8）",150,9500,0.04,0.1
5159.51,"（1,7）",150,10000,0.04,0.1
2329.19,"（1,1）",180,3200,0.04,0.1
2695.15,"（1,1）",180,3800,0.04,0.1
"3137,38","（1,1）",180,4400,0.04,0.1
3478.59,"（1,1）",180,4900,0.04,0.1
3785.2,"（1,1）",180,5600,0.04,0.1
4009.32,"（1,1）",180,6300,0.04,0.1
4197.23,"（1,1）",180,7000,0.04,0.1
4484.14,"(20,20)",180,7700,0.04,0.1
4379.61,"(20,1)",180,8300,0.04,0.1
4736.9,"(20,5)",180,8900,0.04,0.1
4930,"(2,20）",180,9500,0.04,0.1
5109.04,"（1,3）",180,10000,0.04,0.1
3903.72,"（20,20）",0,3200,0.04,0.2
5583.03,"（20,20）",0,3800,0.04,0.2
5529.18,"（20,20）",0,4400,0.04,0.2
7010,"(20,20)",0,4900,0.04,0.2
6133.27,"(1,20)",0,5600,0.04,0.2
6378.55,"(1,1)",0,6300,0.04,0.2
8853.28,"(20,20)",0,7000,0.04,0.2
7591.92,"(5,11)",0,7700,0.04,0.2
7166.1,"(17,20)",0,8300,0.04,0.2
12174.1,"(11,13)",0,8900,0.04,0.2
177.04,"（1,1）",30,3200,0.04,0.2
238.113,"（20,10）",30,3800,0.04,0.2
267.803,"（20,10）",30,4400,0.04,0.2
364.561,"(11,10)",30,4900,0.04,0.2
291.123,"（5,1）",30,5600,0.04,0.2
426.763,"（19,9）",30,6300,0.04,0.2
538.813,"（20,10）",30,7000,0.04,0.2
588.325,"（20,10）",30,7700,0.04,0.2
605.669,"（20,10）",30,8300,0.04,0.2
823.174,"（12,11）",30,8900,0.04,0.2
866.587,"（10,13）",30,9500,0.04,0.2
909.676,"（14,1）",30,10000,0.04,0.2
537.785,"(1,1)",60,3200,0.04,0.2
400.494,（3，1）,60,3800,0.04,0.2
558.124,"（1,20)",60,4400,0.04,0.2
683.718,"(1,1)",60,4900,0.04,0.2
581.254,"（2,1）",60,5600,0.04,0.2
811.138,"（1,20)",60,6300,0.04,0.2
829.294,"（1,20)",60,7000,0.04,0.2
1087.76,"(3,20)",60,7700,0.04,0.2
1250.19,"（1,1）",60,8300,0.04,0.2
1291.65,"（1,20)",60,8900,0.04,0.2
1617.85,"（1,8）",60,9500,0.04,0.2
2904.85,"（2,20）",60,10000,0.04,0.2
3417,"(5,2)",90,3200,0.04,0.2
4491.33,"(5,2)",90,4400,0.04,0.2
5458.08,"(20,9)",90,6300,0.04,0.2
6103.47,"(7,17)",90,7700,0.04,0.2
6369.73,"(1,17)",90,8900,0.04,0.2
443.704,"(13,4)",120,3200,0.04,0.2
949.825,"（20,2）",120,3800,0.04,0.2
1049.61,"(20,2)",120,4400,0.04,0.2
1113.25,"(20,2)",120,4900,0.04,0.2
1222.22,"(20,2)",120,5600,0.04,0.2
1249.18,"(20,2)",120,6300,0.04,0.2
1228.97,"（5,2）",120,7000,0.04,0.2
1069.79,"(1,20)",120,7700,0.04,0.2
1439.91,"(20,2)",120,8300,0.04,0.2
1208.46,"(1,20)",120,8900,0.04,0.2
1494.83,"（3,2）",120,9500,0.04,0.2
293721,"（1,10）",150,3200,0.04,0.2
348.802,"（1,10）",150,3800,0.04,0.2
371.98,"（1,10）",150,4400,0.04,0.2
385.183,"（1,10）",150,4900,0.04,0.2
455.682,"（1,10）",150,5600,0.04,0.2
492.581,"(1,13)",150,6300,0.04,0.2
631.101,"（16,1）",150,7000,0.04,0.2
501.936,"（5,20）",150,7700,0.04,0.2
540.831,"（10,20)",150,8300,0.04,0.2
565.946,"（5,2）",150,8900,0.04,0.2
626.629,"(7,1)",150,9500,0.04,0.2
671.68,"(4,1)",150,10000,0.04,0.2
1269.56,"(6,17)",180,3200,0.04,0.2
1439.43,"(6,17)",180,3800,0.04,0.2
1476.32,"（1,1）",180,4400,0.04,0.2
1506.98,"(1,20)",180,4900,0.04,0.2
1795.85,"(1,1)",180,5600,0.04,0.2
1921.27,"（1,20）",180,6300,0.04,0.2
2464.5,"(20,20)",180,7000,0.04,0.2
2671.73,"（20,20）",180,7700,0.04,0.2
2726.05,"(1,20)",180,8300,0.04,0.2
2923.96,"（20,20）",180,8900,0.04,0.2
2814.17,"(1,1)",180,9500,0.04,0.2
3185.47,"(1,1)",180,10000,0.04,0.2
3287.5,（14，2）,0,3200,0.04,0.03
3416.94,（14，2）,0,4400,0.04,0.03
3890.3,"（1,15）",0,6300,0.04,0.03
4482.67,"（1,15）",0,7700,0.04,0.03
4909.01,"（1,15）",0,8900,0.04,0.03
1090.57,"（1,1）",30,3200,0.04,0.03
1239.27,"（1,1）",30,3800,0.04,0.03
1423.99,"（1,1）",30,4400,0.04,0.03
1534.76,"（1,1）",30,4900,0.04,0.03
1723.48,"（1,1）",30,5600,0.04,0.03
1846.24,"（1,1）",30,6300,0.04,0.03
2041.05,"（1,1）",30,7000,0.04,0.03
2219.31,"（1,1）",30,7700,0.04,0.03
2346.85,"（1,1）",30,8300,0.04,0.03
2511.02,"（1,1）",30,8900,0.04,0.03
2747.75,"（1,1）",30,9500,0.04,0.03
2934.02,"（1,1）",30,10000,0.04,0.03
1756.3,"（1,1）",60,3200,0.04,0.03
2012.98,"（1,1）",60,3800,0.04,0.03
2290.87,"（1,1）",60,4400,0.04,0.03
2485.34,"（1,1）",60,4900,0.04,0.03
2748.89,"（1,1）",60,5600,0.04,0.03
3523.99,"（1,1）",60,6300,0.04,0.03
3991.18,"（1,1）",60,7000,0.04,0.03
4253.66,"（20,20）",60,7700,0.04,0.03
4546.39,"(1,20)",60,8300,0.04,0.03
"4751,97","（20,20）",60,8900,0.04,0.03
4948.02,"（20,20）",60,9500,0.04,0.03
4657.43,"(1,1)",90,3200,0.04,0.03
4683.34,"(1,1)",90,3800,0.04,0.03
4673.42,"(1,1)",90,4400,0.04,0.03
"4751,15","(1,1)",90,4900,0.04,0.03
"4848,42","(1,1)",90,5600,0.04,0.03
4946.43,"(1,1)",90,6300,0.04,0.03
5023.16,"(1,1)",90,7000,0.04,0.03
5099.3,"(1,1)",90,7700,0.04,0.03
5172.9,"(1,1)",90,8300,0.04,0.03
5173.54,"(1,1)",90,8900,0.04,0.03
5252.62,"(1,1)",90,9500,0.04,0.03
5266.67,"(1,1)",90,10000,0.04,0.03
1765.16,"（1,1）",120,3200,0.04,0.03
2036.68,"（1,1）",120,3800,0.04,0.03
2264.5,"（1,1）",120,4400,0.04,0.03
2463.87,"（1,1）",120,4900,0.04,0.03
2648.46,"（1,1）",120,5600,0.04,0.03
3471.74,"（1,1）",120,6300,0.04,0.03
3999.53,"（1,1）",120,7000,0.04,0.03
4323.18,"（1,1）",120,7700,0.04,0.03
4638.59,"(1,20)",120,8300,0.04,0.03
4776.7,"（20,20）",120,8900,0.04,0.03
4854.61,"（20,20）",120,10000,0.04,0.03
1153.46,"（1,1）",150,3200,0.04,0.03
1314.46,"（1,20）",150,3800,0.04,0.03
1474.33,"（1,1）",150,4400,0.04,0.03
1607.17,"（1,1）",150,4900,0.04,0.03
1791.49,"（1,1）",150,5600,0.04,0.03
1988.72,"（1,1）",150,6300,0.04,0.03
2174.58,"（1,1）",150,7000,0.04,0.03
2307.03,"（1,1）",150,7700,0.04,0.03
2476.7,"（1,1）",150,8300,0.04,0.03
2704.96,"（1,1）",150,8900,0.04,0.03
2860.96,"（1,1）",150,9500,0.04,0.03
2967.73,"（1,7）",150,10000,0.04,0.03
5068.87,"（13,5）",180,3200,0.04,0.03
5390,"（3,8）",180,3800,0.04,0.03
5966.9,"（15,14）",180,4400,0.04,0.03
6091.49,"（3,6）",180,4900,0.04,0.03
7352.05,"（6,20）",180,5600,0.04,0.03
8837.25,"（14,20）",180,6300,0.04,0.03
9340.39,"（14,2）",180,7000,0.04,0.03
10100,"（5,20）",180,7700,0.04,0.03
10300.2,"（6,17）",180,8300,0.04,0.03
11218.4,"（8,13）",180,8900,0.04,0.03
10753.7,"（5,9）",180,9500,0.04,0.03
10670.8,"（5,17）",180,10000,0.04,0.03
3805.6,"(20,20)",0,3200,0.04,0.06
4374.77,"(20,20)",0,4400,0.04,0.06
6138.77,"(1,20)",0,6300,0.04,0.06
7616.99,"(7,18)",0,7700,0.04,0.06
3130.33,"(20,20)",0,7700,0.04,0.06
6714.11,"(1,20)",0,7700,0.04,0.06
7970.66,"(7,18)",0,8900,0.04,0.06
7275.11,"(20,20)",0,8900,0.04,0.06
3160.01,"(1,20)",0,8900,0.04,0.06
15923.9,"（7,4）",0,9500,0.04,0.06
16465,"（7,7）",0,10000,0.04,0.06
1389.18,"（1,20）",30,3200,0.04,0.06
1663.43,"（1,20）",30,3800,0.04,0.06
1903.35,"（1,20）",30,4400,0.04,0.06
2114.1,"（1,20）",30,4900,0.04,0.06
2401.75,"（1,20）",30,5600,0.04,0.06
2695.41,"（1,20）",30,6300,0.04,0.06
2963.52,"（1,20）",30,7000,0.04,0.06
3282.79,"（1,20）",30,7700,0.04,0.06
3494.49,"（1,20）",30,8300,0.04,0.06
3728.63,"（1,20）",30,8900,0.04,0.06
3926.2,"（1,20）",30,9500,0.04,0.06
4160.4,"（1,20）",30,10000,0.04,0.06
1243.51,"（1,1）",60,3200,0.04,0.06
1383.53,"（1,1）",60,3200,0.04,0.06
1456.26,"（1,20）",60,3800,0.04,0.06
1559.99,"（1,1）",60,4400,0.04,0.06
1855.25,"（1,20）",60,4400,0.04,0.06
1668.65,"（1,20）",60,4900,0.04,0.06
2018.75,"（1,20）",60,5600,0.04,0.06
2408.42,"（1,20）",60,6300,0.04,0.06
2690.64,"（1,1）",60,6300,0.04,0.06
2732.95,"（1,20）",60,7000,0.04,0.06
2995.53,"（1,20）",60,7700,0.04,0.06
3356.2,"（1,1）",60,7700,0.04,0.06
3370.6,"（1,20）",60,8300,0.04,0.06
3742.81,"（1,20）",60,8900,0.04,0.06
3770.28,"（1,1）",60,8900,0.04,0.06
4016.42,"（1,20）",60,9500,0.04,0.06
4329.41,"（1,20）",60,10000,0.04,0.06
3982.58,"（1,2）",90,3200,0.04,0.06
4419.55,"（1,2）",90,3800,0.04,0.06
4681.4,"（1,20）",90,4400,0.04,0.06
4753.6,"（1,20）",90,4900,0.04,0.06
4905.2,"（6,20）",90,5600,0.04,0.06
5078.25,"（3,7）",90,6300,0.04,0.06
5460.72,"（6,11）",90,7000,0.04,0.06
5345.5,"（19,4）",90,7700,0.04,0.06
5319.14,"（3,6）",90,8300,0.04,0.06
5194.44,"（20,11）",90,8900,0.04,0.06
4627.92,"（1,20）",120,3200,0.04,0.06
5218.58,"（1,20）",120,3800,0.04,0.06
5600.91,"（1,20）",120,4400,0.04,0.06
5728.26,"（1,20）",120,4900,0.04,0.06
5709.27,"（2 ,20）",120,5600,0.04,0.06
5584.2,"（1,20）",120,6300,0.04,0.06
5584.2,"（1,20）",120,7000,0.04,0.06
5378.58,"（2,20）",120,8300,0.04,0.06
5220.83,"（1,20）",120,8900,0.04,0.06
1275.49,"（1,1）",150,3200,0.04,0.06
1465.47,"（1,1）",150,3800,0.04,0.06
1646.1,"（1,1）",150,4400,0.04,0.06
1782.87,"（1,1）",150,4900,0.04,0.06
1947.53,"（1,1）",150,5600,0.04,0.06
2130.41,"（1,1）",150,6300,0.04,0.06
2291.9,"（1,1）",150,7000,0.04,0.06
2481.14,"（1,1）",150,7700,0.04,0.06
2635.41,"（1,1）",150,8300,0.04,0.06
2792.02,"（1,1）",150,8900,0.04,0.06
2939.43,"（1,1）",150,9500,0.04,0.06
3061.3,"（1,1）",150,10000,0.04,0.06
4301.89,"（15,2）",180,3200,0.04,0.06
4472.14,"（1,1）",180,3800,0.04,0.06
5232.36,"（7,10）",180,4400,0.04,0.06
5301.96,"（12,5）",180,4900,0.04,0.06
5488.04,"（20,2）",180,5600,0.04,0.06
5475.61,"（15,2）",180,6300,0.04,0.06
5317.32,"（15,2）",180,7000,0.04,0.06
5519.01,"（7,13）",180,7700,0.04,0.06
5812.12,"（15,8）",180,8300,0.04,0.06
6092.06,"（15,2）",180,8900,0.04,0.06
6780.04,"（14,8）",180,9500,0.04,0.06
7632.42,"（14,8）",180,10000,0.04,0.06
,,,,,
,,,,,
,,,,,
,,,,,
,,,,,
,,,,,
,,,,,
,,,,,
,,,,,
,,,,,
,,,,,
,,,,,
,,,,,
,,,,,
,,,,,
,,,,,
,,,,,
,,,,,
,,,,,
,,,,,
,,,,,
,,,,,
